{
  "hash": "8c75a305",
  "configHash": "0655f176",
  "lockfileHash": "efbabcaa",
  "browserHash": "0607a04a",
  "optimized": {
    "@angular/common": {
      "src": "../../../../../node_modules/@angular/common/fesm2022/common.mjs",
      "file": "@angular_common.js",
      "fileHash": "c294ed30",
      "needsInterop": false
    },
    "@angular/common/http": {
      "src": "../../../../../node_modules/@angular/common/fesm2022/http.mjs",
      "file": "@angular_common_http.js",
      "fileHash": "2b4d1440",
      "needsInterop": false
    },
    "@angular/core": {
      "src": "../../../../../node_modules/@angular/core/fesm2022/core.mjs",
      "file": "@angular_core.js",
      "fileHash": "afe8b39d",
      "needsInterop": false
    },
    "@angular/forms": {
      "src": "../../../../../node_modules/@angular/forms/fesm2022/forms.mjs",
      "file": "@angular_forms.js",
      "fileHash": "1df43f8a",
      "needsInterop": false
    },
    "@angular/platform-browser": {
      "src": "../../../../../node_modules/@angular/platform-browser/fesm2022/platform-browser.mjs",
      "file": "@angular_platform-browser.js",
      "fileHash": "feef6383",
      "needsInterop": false
    },
    "@angular/platform-browser/animations": {
      "src": "../../../../../node_modules/@angular/platform-browser/fesm2022/animations.mjs",
      "file": "@angular_platform-browser_animations.js",
      "fileHash": "4c3a08ac",
      "needsInterop": false
    },
    "@angular/router": {
      "src": "../../../../../node_modules/@angular/router/fesm2022/router.mjs",
      "file": "@angular_router.js",
      "fileHash": "ff96f3b9",
      "needsInterop": false
    },
    "primeng/api": {
      "src": "../../../../../../node_modules/primeng/fesm2022/primeng-api.mjs",
      "file": "primeng_api.js",
      "fileHash": "ece10182",
      "needsInterop": false
    },
    "primeng/button": {
      "src": "../../../../../../node_modules/primeng/fesm2022/primeng-button.mjs",
      "file": "primeng_button.js",
      "fileHash": "e141f027",
      "needsInterop": false
    },
    "primeng/confirmpopup": {
      "src": "../../../../../../node_modules/primeng/fesm2022/primeng-confirmpopup.mjs",
      "file": "primeng_confirmpopup.js",
      "fileHash": "ce807982",
      "needsInterop": false
    },
    "primeng/dialog": {
      "src": "../../../../../../node_modules/primeng/fesm2022/primeng-dialog.mjs",
      "file": "primeng_dialog.js",
      "fileHash": "ebde0288",
      "needsInterop": false
    },
    "primeng/paginator": {
      "src": "../../../../../../node_modules/primeng/fesm2022/primeng-paginator.mjs",
      "file": "primeng_paginator.js",
      "fileHash": "e3a43e53",
      "needsInterop": false
    },
    "primeng/rating": {
      "src": "../../../../../../node_modules/primeng/fesm2022/primeng-rating.mjs",
      "file": "primeng_rating.js",
      "fileHash": "4add555f",
      "needsInterop": false
    },
    "primeng/toast": {
      "src": "../../../../../../node_modules/primeng/fesm2022/primeng-toast.mjs",
      "file": "primeng_toast.js",
      "fileHash": "ab5843f2",
      "needsInterop": false
    }
  },
  "chunks": {
    "chunk-X7RJIWCI": {
      "file": "chunk-X7RJIWCI.js"
    },
    "chunk-PSCMEHPL": {
      "file": "chunk-PSCMEHPL.js"
    },
    "chunk-CC6C74HK": {
      "file": "chunk-CC6C74HK.js"
    },
    "chunk-IIPVT7D6": {
      "file": "chunk-IIPVT7D6.js"
    },
    "chunk-PLMTYKXS": {
      "file": "chunk-PLMTYKXS.js"
    },
    "chunk-NMZJY2GS": {
      "file": "chunk-NMZJY2GS.js"
    },
    "chunk-BIX3NXCN": {
      "file": "chunk-BIX3NXCN.js"
    },
    "chunk-ZRAUJGRR": {
      "file": "chunk-ZRAUJGRR.js"
    },
    "chunk-ASIGOSWS": {
      "file": "chunk-ASIGOSWS.js"
    },
    "chunk-4Y45O2WN": {
      "file": "chunk-4Y45O2WN.js"
    },
    "chunk-VU2TSOSA": {
      "file": "chunk-VU2TSOSA.js"
    },
    "chunk-SISWOBXA": {
      "file": "chunk-SISWOBXA.js"
    },
    "chunk-YYLCVPEE": {
      "file": "chunk-YYLCVPEE.js"
    },
    "chunk-J4B6MK7R": {
      "file": "chunk-J4B6MK7R.js"
    }
  }
}